{
  "metadata": {
    "total_jobs": 0,
    "created_at": "2025-05-21T05:06:45.100431",
    "execution_time": 3.2258553504943848,
    "sources": {}
  },
  "jobs": []
}